"PDB"," Domains"," Length"," Interaction Energy"," Density Sum"
"2wr1A",2,490,1.84,0.0714
"1n1bB",2,520,3.51,0.0939
"1dw9B",2,152,1.13,0.0842
"3eagA",2,316,4.81,0.112
"2j01I",2,145,1.48,0.091
"1c89A",2,134,2.51,0.125
"2a6hA",2,229,2.49,0.091
"3bz1O",2,243,4.38,0.0862
"1z53A",2,299,6.16,0.115
"1jh8A",2,348,8.38,0.114
"1t8sB",2,440,2.58,0.0895
"2e2dC",2,180,2.81,0.106
"2px6B",2,263,4.26,0.117
"2ii0A",2,463,2.88,0.0855
"2ibdB",2,195,7.18,0.101
"2ka9A",2,189,0.791,0.118
"2oqaA",2,241,5.8,0.112
"3arcO",2,493,0,0.0677
"1tolA",2,156,7.24,0.109
"3c2qB",2,323,3.59,0.0896
"1qnaA",2,182,2.37,0.124
"1lc0A",2,290,4.7,0.106
"3iacB",2,458,4.9,0.0925
"3lq3A",2,358,1.55,0.0992
"3px2A",2,241,5.25,0.105
"1ogoX",2,573,4.03,0.111
"3bnjA",2,477,4.63,0.103
"1dlpD",2,223,3.6,0.118
"1hk0X",2,173,1.29,0.137
"2h88P",2,139,6.65,0.0381
"2h88O",2,239,4.63,0.0987
"3bjdA",2,335,3.43,0.104
"1qcsA",2,190,3.85,0.107
"3i07B",2,157,5.01,0.092
"1z6fA",2,359,2.54,0.0921
"2j00D",2,208,4.94,0.104
"1a0rP",2,188,0.73,0.0941
"1ssqD",2,257,5.17,0.119
"2idjD",2,287,5.54,0.0787
"1d3yB",2,290,4.22,0.0946
"1gk3A",2,509,2.38,0.123
"1idqA",2,574,6.96,0.106
"3frhA",2,241,6.47,0.103
"2xn7A",2,353,5.16,0.105
"1qd1B",2,339,2.36,0.121
"3bq9A",2,479,5.66,0.108
"2wb0X",2,315,8.14,0.081
"3neyF",2,177,2.87,0.101
"1o9iB",2,266,5.27,0.0614
"2pv7B",2,279,2.37,0.0888
"3czfA",2,308,0.512,0.0987
"1ufaA",2,501,4.37,0.0967
"3ku6A",2,323,1.57,0.0672
"2q8mA",2,304,7.3,0.11
"3k6mC",2,482,5.83,0.114
"3k6mA",2,476,4.96,0.112
"1eyqB",2,212,8.72,0.109
"2ph7B",2,213,3.19,0.111
"3l00A",2,162,2.56,0.114
"2g2uB",2,165,5.06,0.118
"2bghB",2,412,3.74,0.101
"1tueG",2,196,2.84,0.0801
"1r6xA",2,386,5.97,0.0999
"1e3oC",2,132,1.23,0.112
"3mudB",2,173,1.52,0.0626
"3b7nA",2,307,7.9,0.0928
"2hawB",2,324,2.55,0.123
"1as0A",2,313,1.15,0.106
"2arrA",2,372,5.79,0.114
"2a9dB",2,359,6.13,0.108
"1bc5A",2,269,4.52,0.101
"1jqrA",2,174,5.53,0.11
"1xtaA",2,220,8.54,0.0946
"2pifB",2,245,4.46,0.109
"3d4sA",2,439,2.42,0.0887
"1k2fB",2,190,6.66,0.0872
"1lm8V",2,150,3.61,0.1
"2r7jA",2,307,4.44,0.0945
"3dbkA",2,298,6.66,0.132
"1y88A",2,186,2.73,0.118
"2ahrA",2,250,3.06,0.0904
"1nf1A",2,260,3.65,0.101
"2cx1A",2,181,4.35,0.121
"1lkmA",2,191,6.8,0.105
"1bhtA",2,176,0.774,0.123
"2cweA",2,191,4.17,0.0828
"2qsdD",2,145,6.11,0.105
"2qsdA",2,145,7.04,0.102
"3fxkA",2,364,3.91,0.0961
"1korC",2,386,4.86,0.0798
"3cwcB",2,367,2.66,0.124
"2jhmF",2,234,10.1,0.125
"2gk9D",2,250,3.67,0.0976
"2elcB",2,329,5,0.125
"2dfyC",2,159,2.2,0.099
"1x27A",2,163,2.45,0.124
"1wqfA",2,183,4.49,0.0897
"2o2kB",2,342,5.26,0.0985
"1o04A",2,497,4.64,0.105
"3h90B",2,283,6.16,0.0758
"2nz8B",2,279,1.55,0.0786
"3h52A",2,247,4.39,0.0623
"2ijrA",2,276,2.66,0.114
"3cjqB",2,121,2.03,0.119
"3rjzA",2,206,5.96,0.102
"2v3yA",2,466,2.17,0.108
"1cttA",2,294,7.2,0.112
"3c24B",2,273,4.67,0.0829
"1umkA",2,271,2.19,0.102
"2j02D",2,208,4.93,0.104
"2oyoA",2,184,7.14,0.11
"2qpjA",2,696,3.73,0.0962
"2qocA",2,319,6.67,0.123
"3gyjA",2,618,5.45,0.141
"3jyuA",2,217,2.31,0.0916
"1wtdA",2,264,3.13,0.0849
"3nvsA",2,473,2.54,0.14
"1po0A",2,661,6.82,0.0921
"2ehlA",2,265,2.22,0.121
"2auwB",2,162,3.57,0.111
"1twfE",2,215,3.63,0.0899
"1twfC",2,266,3.42,0.0761
"3mzfA",2,365,2.57,0.0917
"1cjyB",2,614,2.75,0.089
"1yc9A",2,416,3.1,0.042
"1xviB",2,242,5.21,0.11
"1p42B",2,270,9.91,0.104
"1kv9A",2,664,6.65,0.103
"1fjrB",2,188,4.62,0.104
"1kmoA",2,661,6.9,0.0894
"3dsdA",2,333,3.27,0.111
"1ezmA",2,298,5.78,0.131
"2e6fB",2,312,7.06,0.105
"1u5eA",2,170,0.945,0.0884
"1a8rA",2,221,5.46,0.0858
"2jhkF",2,229,9.37,0.12
"1juhA",2,334,5.84,0.109
"1wuiS",2,267,3.96,0.111
"1jqpA",2,348,5.02,0.111
"1wteA",2,272,2.92,0.0866
"1zymB",2,248,4.51,0.108
"3c9uB",2,312,7.27,0.0892
"1ko7A",2,286,0.616,0.111
"1iipA",2,297,0.85,0.0603
"1hm9A",2,463,1.74,0.0928
"1hbnE",2,442,3.53,0.117
"1pinA",2,153,10.1,0.0965
"1a79B",2,171,2.01,0.111
"1pp1X",2,326,2.36,0.0679
"3bu2B",2,189,0.896,0.0967
"3bp1B",2,272,4.9,0.116
"1m4uA",2,199,2.85,0.0675
"3d6wB",2,107,5.07,0.116
"1gupA",2,347,6.54,0.0822
"1vkwA",2,213,6.08,0.103
"3i5dA",2,324,4.95,0.05
"1bcpB",2,197,3.03,0.124
"2kn6A",2,195,0.437,0.092
"2i71B",2,371,3.37,0.0983
"3gzuC",2,397,2.75,0.0857
"1or7A",2,181,3.18,0.0695
"2o3sA",2,252,2.74,0.098
"1e7lA",2,166,0.472,0.0741
"1b37B",2,462,4.87,0.105
"1ulnA",2,82,1.52,0.171
"3f9mA",2,458,4.42,0.109
"3dzuA",2,289,0,0.0994
"1jhfA",2,197,2.19,0.106
"1g87A",2,615,1.47,0.11
"1wao4",2,466,3.47,0.0975
"3mtyA",2,262,9.47,0.128
"1xgkA",2,325,4.35,0.108
"3bf5A",2,278,5.78,0.0865
"1vj7B",2,310,3.67,0.1
"2i06A",2,305,2.95,0.0744
"1pprN",2,312,5.94,0.0814
"1ddzA",2,481,4.19,0.0974
"1zq7B",2,200,4.09,0.127
"2an6A",2,191,7.91,0.0864
"1pg0A",2,492,4.37,0.0939
"1yc5A",2,234,4.24,0.122
"1rkqB",2,271,4.53,0.13
"2glfB",2,437,2.44,0.0992
"3kczA",2,357,3.93,0.0919
"1qzrA",2,382,5.34,0.0942
"2jhfB",2,388,5.05,0.127
"1dk8A",2,147,3.15,0.0942
"1rl9A",2,356,5.48,0.101
"1js8B",2,382,6.25,0.1
"2wjnC",2,332,6.31,0.086
"1vz6A",2,376,3.68,0.118
"1pu6A",2,216,3.52,0.116
"1s9rB",2,409,6.39,0.108
"1s9rA",2,409,6.34,0.108
"1lqtA",2,473,4.29,0.112
"1lkpA",2,191,6.59,0.106
"2qgqE",2,264,4.9,0.0989
"1r9zA",2,423,5.53,0.105
"2fh7A",2,576,0.605,0.0998
"1vsgA",2,362,1.69,0.0915
"1whfA",2,73,5.66,0.109
"1fgjB",2,499,5.08,0.0786
"1fgjA",2,499,5.01,0.0787
"1bo1A",2,326,3.77,0.0932
"2qzuA",2,450,8.51,0.0915
"1lnzB",2,310,4.11,0.0756
"3gosA",2,270,7.69,0.103
"3gosB",2,276,7.5,0.104
"2i05A",2,305,3.04,0.0743
"1wpkA",2,145,0.775,0.0944
"1xo0A",2,322,0.246,0.0866
"2fb5B",2,204,3.07,0.0938
"1x0cA",2,549,4.89,0.111
"1exrA",2,183,2.89,0.126
"2r31A",2,285,3.48,0.114
"1yz9B",2,218,3.3,0.0908
"1hf2A",2,196,2.95,0.128
"2q14F",2,397,3.21,0.096
"1seiB",2,130,4.01,0.113
"2vsgB",2,358,1.93,0.0895
"2bo9B",2,217,7.46,0.111
"2qj2B",2,180,0.901,0.126
"1bp1A",2,456,3.52,0.0576
"1c2aA",2,120,1.19,0.106
"1vnsA",2,574,6.49,0.108
"1qhuA",2,398,1.39,0.113
"1c0mB",2,216,0.236,0.11
"1c0mC",2,222,4.87,0.103
"2d1zA",2,427,3.61,0.115
"1xfeA",2,83,5.11,0.0998
"1se1A",2,239,3.56,0.0991
"2vqeC",2,206,1.64,0.0996
"2a5wA",2,114,5.18,0.128
"3gyxC",2,662,5.25,0.0931
"1poiC",2,317,6.77,0.099
"2c0gB",2,221,1.68,0.11
"2e5yB",2,133,4.78,0.11
"3bgeA",2,166,3.56,0.0855
"3bgeB",2,168,5.12,0.0874
"3d5kA",2,454,2.53,0.0431
"2z6rB",2,265,2.37,0.123
"1mtyG",2,162,6.38,0.0764
"2hczX",2,241,5.93,0.121
"3c8cA",2,261,2.31,0.125
"2p62B",2,241,6.27,0.108
"1gmuB",2,138,1.58,0.129
"1evlB",2,401,3.88,0.101
"1tj5A",2,244,6.83,0.119
"2j8cH",2,240,2.47,0.0635
"2j8cM",2,302,4.69,0.0654
"2pzxA",2,188,4.26,0.104
"2cjlA",2,204,7.54,0.118
"2o3iB",2,365,6,0.116
"2o3iA",2,366,5.89,0.116
"2z16A",2,153,4.9,0.12
"1m70B",2,190,4.73,0.115
"1gk9A",2,218,1.68,0.0685
"1w3aA",2,312,3.82,0.0781
"7odcA",2,387,3.94,0.101
"1g1sA",2,158,1.97,0.115
"1xqpA",2,252,2.59,0.121
"2i5zO",2,258,3.35,0.0918
"2vk5A",2,448,6.97,0.105
"1px5B",2,339,4.87,0.0979
"2ghjE",2,90,0.938,0.0728
"2bt2C",2,143,3.8,0.109
"1itxA",2,451,4.57,0.114
"1ltdA",2,481,6.25,0.0819
"1qvjA",2,293,2.05,0.104
"2a94A",2,315,6.31,0.106
"1b12A",2,239,6.5,0.0818
"2dkjB",2,402,4.39,0.103
"1dkgB",2,151,1.71,0.0446
"1rzhH",2,239,2.58,0.0644
"1o70A",2,296,0.921,0.116
"2ov9A",2,201,6.96,0.0863
"2pbyB",2,290,7.21,0.121
"2fefB",2,287,7.2,0.101
"2fefC",2,284,6.21,0.102
"3covB",2,281,3.73,0.112
"2bmrA",2,458,4.81,0.104
"1u1wA",2,295,4.83,0.134
"1h6tA",2,291,4.51,0.0922
"2eutA",2,291,6.49,0.114
"1uakA",2,243,0.111,0.0901
"1feuD",2,189,3.55,0.0875
"1n3lA",2,332,6.4,0.092
"3qxzB",2,263,5.48,0.104
"1jgtB",2,500,3.57,0.106
"1jj2O",2,143,1.38,0.0611
"1n7zB",2,316,2.29,0.0866
"1n7zA",2,316,2.18,0.0865
"1jq5A",2,368,6.3,0.12
"1d1dA",2,220,1.69,0.103
"1k7iA",2,462,3.87,0.109
"2r6zB",2,239,6.6,0.103
"3d9aL",2,215,1.56,0.1
"2hsiA",2,231,5.62,0.119
"2eiyB",2,304,3.37,0.107
"1yf3A",2,260,5.74,0.105
"1qiuB",2,264,1.22,0.0699
"1gkmA",2,507,2.68,0.121
"2bmqA",2,452,4.45,0.101
"2i7dB",2,192,6.86,0.103
"1uzbA",2,516,6.11,0.105
"1ixeA",2,371,4.98,0.094
"2i15B",2,122,5.21,0.058
"2aq9A",2,273,5.52,0.127
"3rf3A",2,258,2.48,0.079
"2fytA",2,315,3.48,0.115
"1r0mB",2,360,5.2,0.117
"1d9kD",2,188,1.14,0.0761
"1rkuB",2,206,4.37,0.116
"2c7qA",2,329,4.41,0.118
"1iuqA",2,350,3.97,0.101
"1vq0A",2,290,1.28,0.104
"1uajA",2,241,0,0.0855
"2absA",2,374,6.89,0.119
"3hhwL",2,421,2,0.0795
"3hhwK",2,421,1.64,0.0798
"1khdA",2,324,4.06,0.121
"3h8gA",2,497,2.32,0.123
"3dgvC",2,379,8.27,0.0984
"1y7mB",2,161,4.85,0.119
"3cwvB",2,314,3.5,0.109
"1ezaA",2,259,3.83,0.0879
"2cltA",2,367,0.428,0.115
"3a7rA",2,337,3.16,0.106
"1ev7B",2,293,1.63,0.104
"1e9yA",2,238,0.345,0.0886
"1cy9B",2,243,1.48,0.1
"1cy9A",2,245,1.49,0.0962
"1r31A",2,376,3.21,0.099
"1iomA",2,379,5.58,0.0877
"1ihgA",2,364,1.02,0.0941
"1cjaB",2,327,5.35,0.106
"2jzxA",2,160,10.2,0.0877
"1lnlA",2,408,5.84,0.0993
"1cjsA",2,212,1.71,0.112
"1ppjD",2,241,1.14,0.0491
"2qokA",2,308,6.45,0.123
"3h4eE",2,207,3.3,0.0951
"1oisA",2,220,2.53,0.098
"1c0pA",2,363,4.93,0.111
"1dtoA",2,200,4.06,0.0823
"3db9A",2,235,3.97,0.105
"3k9pA",2,199,5.94,0.11
"1u94A",2,306,9.81,0.0881
"3bl4B",2,111,2.71,0.0789
"1lf6A",2,674,2.98,0.12
"2d05A",2,259,3.75,0.118
"1vzyB",2,286,1.01,0.108
"1qs1A",2,402,3.13,0.0932
"1r8mE",2,195,4.02,0.0969
"2arzB",2,235,4.43,0.104
"3edpB",2,214,8,0.0854
"1bxoA",2,326,5.76,0.113
"1on2B",2,135,2.71,0.107
"2b8nA",2,411,1.86,0.121
"2d1cB",2,495,2.26,0.0987
"2f69A",2,244,4.72,0.11
"3c9sA",2,304,5.56,0.0875
"1xqsD",2,165,3.46,0.108
"3ca8B",2,263,5.23,0.107
"1x1oA",2,277,4.12,0.107
"1hdhB",2,524,7.42,0.0976
"1h8pA",2,88,1.94,0.139
"3m00A",2,530,4.74,0.0953
"1b6aA",2,355,5.52,0.0923
"1fyhA",2,242,6.26,0.102
"1du3A",2,90,3.6,0.121
"1mowJ",2,234,5.57,0.0963
"2dplB",2,278,2.94,0.108
"2wy6C",2,358,2.38,0.112
"2wy6B",2,365,3.25,0.111
"1jepA",2,212,8.25,0.108
"2oezB",2,263,4.67,0.085
"1fn9B",2,365,2.55,0.114
"1jnrB",2,149,1.92,0.0656
"2vheA",2,196,4.84,0.135
"1dkzA",2,215,3.79,0.0906
"3c2uB",2,554,4.04,0.121
"1qf8B",2,155,7.74,0.107
"3nt1B",2,552,4.7,0.0964
"1i0uA",2,82,1.39,0.105
"1k3eB",2,144,1.16,0.0932
"1dvpA",2,217,1.1,0.105
"1wkuA",2,225,4.21,0.121
"1h99A",2,220,0.613,0.104
"3cx5B",2,352,2.58,0.106
"1c7dA",2,284,0.821,0.104
"1rquB",2,120,0.69,0.0581
"1na6B",2,395,3.81,0.0816
"3mg1A",2,313,2.35,0.115
"1inlD",2,282,4.55,0.102
"1dl5B",2,316,6.31,0.118
"1v34A",2,346,5.09,0.104
"1wpbG",2,168,0.482,0.0936
"1hyoA",2,416,6.83,0.104
"1jhnA",2,380,0.369,0.052
"2cchD",2,259,4.96,0.119
"1ofwA",2,297,3.16,0.0927
"2vd8B",2,374,3.71,0.0997
"1zmeC",2,70,0.87,0.0711
"2v2gA",2,220,1.7,0.109
"1c1dA",2,349,4.17,0.118
"1jakA",2,499,4.35,0.116
"3b5mA",2,209,1.72,0.125
"1hndA",2,317,9.81,0.109
"1ee8A",2,266,5.24,0.121
"1o98A",2,548,0.995,0.134
"2ih2A",2,393,1.26,0.102
"1tocR",2,120,0.698,0.105
"2evrA",2,240,3.06,0.126
"1v0wA",2,497,5.61,0.112
"2r0yA",2,281,7.02,0.0855
"1nh2D",2,105,3.12,0.0732
"2z37B",2,249,5.29,0.106
"2hwjB",2,187,7.41,0.105
"1sg4A",2,258,8.59,0.107
"1mixA",2,206,1.99,0.104
"3c6fA",2,138,0.594,0.0879
"3kjdA",2,350,4,0.0904
"2bwvA",2,448,2.14,0.105
"2h21C",2,438,2.43,0.0719
"2h21A",2,424,1.92,0.0736
"1ixhA",2,321,3.81,0.125
"1txgB",2,335,2.85,0.12
"2j03I",2,145,1.48,0.0911
"1v54C",2,259,7.99,0.0767
"3bt3B",2,129,5.79,0.0909
"1h03P",2,125,2.76,0.0885
"3knhM",2,120,2.48,0.0879
"2o62B",2,268,4.56,0.0979
"1z0sB",2,249,2.45,0.126
"2cfiA",2,315,3.12,0.121
"1nvvS",2,469,2.92,0.0826
"2ichA",2,321,7.04,0.0966
"3b8mA",2,255,2.83,0.0558
"2ei1A",2,293,6.93,0.101
"1mlaA",2,305,5.58,0.119
"1wq1G",2,320,3.63,0.0947
"1m15A",2,356,5.49,0.102
"1e9zA",2,238,0.344,0.0892
"2p1gB",2,231,7.49,0.0981
"1e5rB",2,262,5.13,0.106
"1r8sE",2,187,4.14,0.115
"2phnB",2,266,5.45,0.101
"1w23A",2,360,5.54,0.103
"1lqsM",2,142,0.599,0.0616
"1vkyA",2,280,3.18,0.11
"1dkxA",2,221,3.44,0.0885
"1pujA",2,261,4.31,0.102
"1dc1B",2,311,1.73,0.106
"1vpvB",2,272,7.02,0.106
"1a0hA",2,159,1.03,0.0676
"1t77A",2,414,5.55,0.0955
"1rhsA",2,292,4.37,0.114
"3ku5A",2,333,1.54,0.069
"1tfrA",2,283,3.51,0.1
"1cf5A",2,249,4.72,0.113
"2r9qD",2,330,4.19,0.0965
"1hp1A",2,516,1.65,0.116
"1m3yA",2,413,5.3,0.088
"1w5rB",2,273,7.15,0.105
"2pspB",2,105,4.52,0.127
"2g3pA",2,201,2.79,0.105
"1o0wA",2,238,4.82,0.0979
"2g3pB",2,201,2.8,0.103
"1k3yA",2,221,7.15,0.0944
"2eiyA",2,297,3.62,0.107
"1f3iA",2,455,3.93,0.0778
"1ccwD",2,483,6.96,0.11
"1x9tA",2,440,1.29,0.098
"1uunB",2,184,1.3,0.0488
"1qgiA",2,259,3.35,0.119
"1ho8A",2,447,3.2,0.079
"2wazX",2,316,8.57,0.0807
"2auaB",2,210,5.98,0.0655
"1jmuG",2,365,2.72,0.114
"1vqoW",2,154,5.65,0.127
"1vqoL",2,145,0.617,0.0569
"2ouxB",2,245,2.49,0.0898
"1q5vB",2,116,1.67,0.0868
"2ohhA",2,408,3.31,0.132
"1nr0A",2,610,1.18,0.125
"1h3iA",2,293,4.72,0.0968
"1x7dA",2,332,6.1,0.096
"1emsA",2,412,0.301,0.111
"1pt7A",2,415,2.73,0.0921
"1mmlA",2,251,2.66,0.106
"2hydA",2,578,2.31,0.0644
"3d3lA",2,451,5.34,0.104
"1sxjH",2,260,4.88,0.107
"1bmtA",2,246,2.69,0.111
"1vfgB",2,358,3.66,0.0777
"1f5nA",2,570,1.93,0.069
"2ck3G",2,181,3.14,0.0792
"2r6iB",2,263,5.18,0.103
"1z40A",3,311,16.8,0.175
"2p0mA",3,662,9.53,0.153
"2p0mB",3,662,9.11,0.153
"3g0qA",3,344,3.91,0.172
"1gndA",3,430,8.3,0.167
"1su7A",3,633,13.7,0.162
"1ddeA",3,310,8.91,0.169
"1k92A",3,467,5.58,0.127
"3b55A",3,400,10.1,0.153
"3b39A",3,317,10.4,0.162
"3b39B",3,310,10.5,0.156
"3lnmB",3,389,3.6,0.111
"1kyqA",3,256,1.82,0.147
"1a5tA",3,324,7.11,0.17
"1de4C",3,635,8.61,0.159
"1oplB",3,365,8.26,0.172
"2re3A",3,186,16.3,0.159
"2zydA",3,464,11.6,0.137
"2re3B",3,182,15.6,0.161
"1g9jA",3,639,13.7,0.156
"1musA",3,458,9.85,0.135
"1ewrB",3,522,6.81,0.15
"1ewrA",3,440,7.69,0.146
"1rwaA",3,756,12.6,0.162
"3c6kA",3,335,7.89,0.161
"1elvA",3,303,13,0.17
"2r9rB",3,386,3.6,0.11
"2r9rH",3,363,3.51,0.121
"2w8hB",3,323,4.26,0.142
"2w8hC",3,323,4.26,0.143
"1wmkA",3,303,12.4,0.154
"2o36A",3,654,10,0.128
"2r4fD",3,394,8.25,0.152
"2r4fA",3,420,7.41,0.156
"1inpA",3,400,12.4,0.149
"1b4nA",3,611,14,0.169
"1b4nB",3,611,13.8,0.17
"1b4nC",3,611,14.1,0.169
"3gitB",3,421,10.2,0.179
"3gitC",3,421,10.2,0.179
"3gitA",3,422,9.59,0.178
"3gitF",3,421,9.82,0.179
"3gitD",3,422,9.86,0.179
"3gitE",3,421,9.98,0.179
"1udxA",3,412,5.98,0.149
"1ig8A",3,469,9.06,0.165
"3bkbA",3,373,7.76,0.171
"1zr4A",3,183,6.89,0.134
"1mu5A",3,460,6.72,0.155
"1jeuA",3,517,12.4,0.16
"1vq8B",3,337,7.41,0.14
"1fzcC",3,301,8.19,0.119
"2ptrA",3,454,8.64,0.139
"1fzcF",3,301,8.27,0.119
"1vq8P",3,143,3.26,0.143
"2b5uA",3,470,3.93,0.0821
"1iphC",3,727,9.72,0.126
"1olzB",3,621,9.13,0.137
"1olzA",3,621,9.18,0.135
"2hoxC",3,428,12.6,0.139
"3cj8A",3,216,12.3,0.18
"3cj8B",3,213,12.1,0.179
"3h5qA",3,425,10.8,0.168
"3gb8A",3,958,5.63,0.0988
"3ck7A",3,496,13.8,0.149
"1ra6A",3,457,10.1,0.142
"1ulkA",3,126,2.42,0.247
"3buxB",3,305,8.74,0.166
"3buxD",3,305,10.1,0.164
"2p02A",3,401,14.7,0.175
"3ialA",3,497,11.8,0.148
"1zarA",3,267,9.01,0.175
"3glmA",3,562,13.6,0.154
"3gkuB",3,187,3.11,0.164
"3gkuA",3,199,3.68,0.153
"1r8eA",3,275,10,0.129
"1soxB",3,458,9.57,0.16
"1soxA",3,463,11,0.15
"2fmlB",3,255,7.19,0.147
"1y8qB",3,510,2.73,0.162
"1krhB",3,337,6.76,0.18
"1krhA",3,337,6.51,0.18
"1w27B",3,689,6.14,0.157
"3hn7A",3,488,6.56,0.18
"3c0nA",3,450,3.5,0.134
"4aopA",3,453,7.17,0.176
"1z1bA",3,348,1.95,0.143
"1z1bB",3,349,1.95,0.139
"2j8fA",3,338,7.28,0.155
"3qvrA",3,586,13.6,0.169
"1z8gA",3,366,13.9,0.178
"3cblA",3,356,10.2,0.162
"1pn0B",3,652,7.84,0.171
"1pn0A",3,652,8.02,0.17
"1t11B",3,374,5.21,0.129
"1l0wA",3,580,4.89,0.141
"1vqpP",3,143,3.27,0.143
"1eg7A",3,549,13.6,0.158
"3g5cA",3,486,6.62,0.143
"1zjbA",3,563,12.7,0.156
"1vqpB",3,337,6.09,0.14
"1vqpA",3,237,7.51,0.135
"1vprA",3,344,15.2,0.158
"1y0pA",3,568,7.92,0.165
"1murA",3,455,9.86,0.138
"1n62F",3,286,13.7,0.172
"1n62C",3,288,13.6,0.175
"2ozgA",3,389,8.42,0.183
"1d4vA",3,117,13.7,0.158
"2fokB",3,560,5.88,0.158
"2fokA",3,558,6.35,0.157
"3hhsB",3,657,7.7,0.146
"1gqiB",3,708,10.4,0.158
"1gqiA",3,708,10.4,0.159
"2zy9B",3,429,6.86,0.138
"3dclD",3,273,18.7,0.175
"2axqA",3,445,9.82,0.166
"3dclB",3,271,18.5,0.174
"3sf6A",3,401,16.5,0.161
"2y1eB",3,380,11.2,0.168
"2y1eA",3,374,11,0.173
"3abqC",3,459,14.7,0.182
"2j8gA",3,338,8.35,0.154
"1ciyA",3,577,6.82,0.158
"2q66A",3,551,4.95,0.162
"1iweB",3,431,12,0.163
"2wbmA",3,243,5.81,0.182
"1gdtB",3,183,3.17,0.148
"2zydB",3,466,11.6,0.136
"1rk6A",3,475,13.6,0.178
"1galA",3,581,13.8,0.171
"1g9gA",3,640,13.5,0.158
"1ki0A",3,253,3.46,0.179
"1zjaB",3,565,12.8,0.156
"1zjaA",3,568,12.8,0.158
"1fcdA",3,401,13.4,0.172
"1h5wA",3,249,6.86,0.126
"1h5wB",3,255,6.21,0.13
"1h5wC",3,251,6.52,0.129
"1gm9B",3,559,7.48,0.137
"1lonA",3,431,13,0.165
"1qzfC",3,519,10.2,0.142
"1qzfB",3,519,10.1,0.142
"1cqxA",3,403,7.12,0.157
"1cqxB",3,403,6.85,0.157
"1ytkA",3,389,12.1,0.15
"1uzpA",3,152,15.8,0.173
"1lv0A",3,433,8.36,0.176
"1e8cB",3,484,6.18,0.176
"1e8cA",3,482,6.77,0.175
"1hjpA",3,186,6.21,0.191
"1i1iP",3,665,10.8,0.128
"2wfpA",3,399,10.6,0.16
"2mbrA",3,340,13.9,0.163
"1y8aA",3,324,17.4,0.176
"3i2kA",3,637,11.6,0.175
"1f0lB",3,536,8.99,0.164
"1f0lA",3,531,9.25,0.163
"1r0vA",3,244,8.09,0.173
"1r0vB",3,244,7.87,0.172
"1r0vC",3,244,7.47,0.173
"1r0vD",3,243,7.08,0.172
"2d29B",3,386,13.9,0.162
"2d29A",3,386,13.7,0.161
"2pgsA",3,382,16.3,0.165
"1muhA",3,455,9.53,0.137
"3cddA",3,329,11.1,0.125
"3cddF",3,323,11.5,0.123
"2qriA",3,398,11,0.14
"2qriB",3,398,11.4,0.144
"1bg5A",3,254,6.54,0.116
"2hv2C",3,379,8.29,0.161
"1kjwA",3,292,8.76,0.133
"1gkfB",3,575,7.33,0.141
"2cxnA",3,557,9.91,0.125
"2v40A",3,433,9.93,0.175
"1sx3A",3,525,6.46,0.148
"1sx3B",3,525,9.13,0.144
"1sx3C",3,525,8.93,0.144
"1sezB",3,456,10.6,0.149
"1sezA",3,456,9.9,0.152
"1rerA",3,391,8.37,0.113
"2xhiA",3,316,13.4,0.17
"3do6B",3,543,12.4,0.16
"3do6A",3,547,12.6,0.16
"1hbnA",3,543,11.6,0.156
"1hbnD",3,543,11.6,0.156
"3qvpA",3,581,14.1,0.168
"1ldkA",3,358,8.42,0.135
"2ptqA",3,459,8.53,0.141
"3gf3A",3,563,13.3,0.15
"3doaA",3,266,14.6,0.162
"1qsaA",3,618,7.46,0.112
"2dsjB",3,423,11.3,0.174
"1n7vA",3,533,7.17,0.118
"1sr8A",3,282,6.07,0.183
"1z5bA",3,466,9.09,0.152
"1z5bB",3,460,6.86,0.159
"1mpgB",3,282,12.8,0.167
"1mpgA",3,282,12.6,0.167
"2o3eA",3,665,10.7,0.127
"1q16B",3,509,13.6,0.111
"1hfeL",3,412,16.6,0.186
"1d5tA",3,433,8.44,0.175
"1ckmA",3,317,8.25,0.17
"1ckmB",3,317,8.97,0.17
"1iweA",3,430,13.1,0.164
"1jvaB",3,430,5.62,0.154
"1gqeA",3,354,9.46,0.114
"2qrtA",3,398,11.3,0.143
"1fcfA",3,387,4.8,0.174
"1qnfA",3,475,11.8,0.151
"1m1gA",3,240,2.99,0.172
"1vr5A",3,527,10.9,0.161
"2shpB",3,491,9.21,0.154
"1xa6A",3,399,7.22,0.152
"2w8hD",3,323,4.27,0.142
"1s4bP",3,654,9.04,0.128
"3bxjB",3,358,12.1,0.14
"2w8hA",3,323,4.25,0.142
"1r6tA",3,428,14.9,0.128
"1e88A",3,160,8.33,0.198
"3gzhA",3,474,8.67,0.136
"5reqB",3,619,5.85,0.135
"5reqD",3,619,5.09,0.133
"1vclB",3,431,6.23,0.181
"1aipG",3,195,7.6,0.159
"1aipD",3,195,8.15,0.157
"3kflA",3,535,11.2,0.158
"1rwhA",3,755,12.5,0.163
"1w1qA",3,479,10.6,0.157
"2h12A",3,418,10.3,0.128
"2h12B",3,426,10.6,0.128
"2h12C",3,426,10.7,0.128
"1e3aB",3,562,7.28,0.137
"3fsyD",3,312,11.5,0.165
"1woyA",3,500,11.2,0.15
"1zsqA",3,513,9.58,0.158
"1mbmB",3,192,14.1,0.195
"1pnkB",3,557,7.42,0.132
"2v52B",3,395,11.8,0.194
"1fcdB",3,401,13.3,0.173
"1io1A",3,395,5.42,0.122
"2vw2A",3,658,8.49,0.169
"1vdeA",3,429,6.18,0.146
"1vdeB",3,428,4.8,0.145
"1ileA",3,821,5.31,0.153
"1j70A",3,512,7.07,0.156
"3g4oA",3,439,2.79,0.136
"1c7yA",3,199,8.69,0.192
"1cukA",3,190,6.32,0.191
"3eckA",3,367,16.6,0.167
"2pw9D",3,238,10.3,0.161
"2pw9C",3,221,10.3,0.166
"2pw9A",3,232,10.3,0.16
"1qteA",3,618,7.61,0.112
"1hrdB",3,449,10.3,0.168
"1hrdC",3,449,9.36,0.168
"1hrdA",3,449,9.41,0.168
"1tdjA",3,494,6.41,0.17
"3bh1B",3,493,8.35,0.155
"3bh1D",3,489,8.25,0.153
"3ozuA",3,409,7.26,0.163
"2jkbA",3,689,8.51,0.175
"2hcbA",3,317,5.41,0.166
"3h1wA",3,390,10.7,0.156
"1vq8A",3,237,7.35,0.135
"1w99A",3,580,6.4,0.151
"2ptrB",3,456,8.5,0.142
"1fc9A",3,386,7.25,0.172
"2rijA",3,388,8.7,0.161
"1cf3A",3,581,14.6,0.164
"1xi8A",3,269,10.5,0.167
"1xi8B",3,265,8.51,0.167
"3cxlA",3,402,7.23,0.154
"1gk9B",3,595,6.99,0.143
"1loxA",3,647,9.67,0.156
"1k87A",3,514,5.72,0.107
"1yqyA",3,514,7.25,0.145
"1td6A",3,286,9.29,0.165
"1jnrA",3,642,13.9,0.156
"2janB",3,405,6.73,0.156
"3ozvA",3,403,9.25,0.16
"2hkjA",3,461,6.45,0.154
"1gpeA",3,587,14,0.173
"2qmaB",3,450,10.3,0.137
"1ijgA",3,257,7.04,0.126
"1ijgB",3,257,6.76,0.126
"3i6wB",3,382,7.8,0.155
"1nolA",3,607,10.6,0.147
"1h54A",3,752,9.95,0.155
"1rdrA",3,316,12.6,0.156
"1w6gA",3,619,12.9,0.134
"1z5aB",3,460,7.01,0.158
"2bplA",3,608,5.21,0.182
"2dkvA",3,286,5.77,0.186
"2hoxB",3,427,14.2,0.137
"1qmfA",3,559,13.3,0.158
"3cj8C",3,214,12.4,0.179
"1zbtA",3,311,7.59,0.121
"1dfaA",3,405,5.02,0.145
"1q9iA",3,568,8.29,0.165
"2jdiF",3,468,11,0.165
"1el6C",3,208,4.27,0.139
"1el6B",3,208,4.24,0.14
"1bi2A",3,214,2.99,0.201
"1goiB",3,498,10,0.148
"2o1wB",3,469,4.83,0.154
"2qdzA",3,516,10.3,0.121
"1s3eA",3,499,9.51,0.165
"2as0B",3,382,11.6,0.168
"1s3eB",3,494,9.69,0.168
"1u4qA",3,323,6.66,0.0908
"3buwB",3,305,10.2,0.164
"3ozwA",3,403,9.9,0.161
"3ozwB",3,405,9.44,0.162
"1zvrA",3,514,9.71,0.158
"1d5fA",3,350,8.32,0.16
"1slyA",3,618,7.48,0.11
"3bg2A",3,397,14.1,0.165
"3bg2B",3,397,14.1,0.165
"2w16B",3,754,13.1,0.125
"1tjeA",3,224,13.9,0.167
"1l1aA",3,455,9.38,0.135
"1griA",3,211,2.77,0.181
"1ikqA",3,606,8.05,0.163
"3dt2A",3,662,8.88,0.167
"2idbB",3,444,10.8,0.131
"1e5qA",3,449,11.5,0.167
"1e5qB",3,449,11.3,0.167
"1m61A",3,259,10.6,0.174
"1d0cA",3,416,9.58,0.143
"1d0cB",3,414,9.52,0.144
"1tezA",3,474,11.3,0.155
"1h6wA",3,151,2.93,0.106
"3cddB",3,325,10.9,0.12
"1ulkB",3,126,2.47,0.245
"1ed5A",3,416,9.51,0.141
"1wp9B",3,477,3.15,0.16
"1wp9A",3,479,5.16,0.159
"1pzxA",3,277,17.1,0.18
"1moxB",3,501,3.01,0.137
"1vqkA",3,237,7.33,0.135
"3d6zA",3,277,10.9,0.13
"1w79A",3,466,7.41,0.165
"1b9mA",3,255,7.77,0.155
"1b9mB",3,244,10.4,0.142
"3dt4C",3,636,9.96,0.164
"3h99A",3,544,10.7,0.142
"3bf0B",3,474,6.55,0.141
"3bf0A",3,474,6.63,0.141
"2hoxA",3,426,14.1,0.138
"2a79B",3,259,2.86,0.118
"2b7rA",3,568,7.95,0.157
"1h41A",3,700,10.2,0.158
"1wruA",3,325,12.2,0.14
"1gdtA",3,183,3.1,0.147
"2x1lA",3,511,11.2,0.158
"1kjqA",3,388,10.4,0.16
"1kjqB",3,385,10.2,0.159
"2vanA",3,240,7.37,0.17
"3k40B",3,447,8.98,0.137
"3ol2A",3,614,9.45,0.132
"1lfpA",3,241,7.99,0.174
"2g50C",3,538,8.37,0.171
"2g50B",3,538,7.71,0.17
"2g50F",3,542,8.76,0.17
"1faeA",3,629,13.8,0.155
"1owlA",3,473,12.2,0.154
"2onlC",3,317,8.37,0.109
"1ff9A",3,447,10.5,0.165
"1f00I",3,282,6.7,0.17
"1kj8B",3,384,9.8,0.158
"1kj8A",3,386,10.4,0.159
"1ikpA",3,606,7.92,0.164
"1du3B",3,110,10.9,0.177
"1fbwA",3,629,13.5,0.154
"3d6yA",3,277,11.4,0.13
"1fc6A",3,382,7.04,0.171
"3ialB",3,506,11.5,0.14
"1a8hA",3,500,9.12,0.156
"2i1oA",3,389,12.6,0.15
"1exjA",3,275,10.2,0.13
"3kasA",3,633,8.54,0.157
"2gnoA",3,300,8.14,0.17
"2aopA",3,456,7.4,0.176
"1aopA",3,460,7.2,0.173
"3ckcA",3,500,13.5,0.148
"3ckcB",3,499,14.3,0.149
"3h9cA",3,544,10.3,0.14
"2x5oA",3,460,6.04,0.192
"1nj1A",3,463,10.9,0.144
"1xszA",3,384,8.11,0.182
"1xszB",3,382,8.19,0.181
"1nxuA",3,317,12,0.129
"1nxuB",3,318,12,0.131
"1ja0B",3,432,7.75,0.15
"2pw9B",3,231,9.63,0.161
"1nbfA",3,347,11.5,0.133
"3dt4A",3,635,9.43,0.167
"3g4nB",3,428,3.62,0.142
"1fc7A",3,386,5.79,0.175
"2qgmA",3,381,11.9,0.156
"1jeqB",3,520,3.28,0.0913
"1adeA",3,437,11.2,0.164
"1nltA",3,228,8.57,0.116
"6gepA",3,457,6.95,0.176
"1u8vA",3,490,12.1,0.133
"1u8vB",3,490,12.1,0.133
"2radA",3,395,10.1,0.153
"2radB",3,397,10.3,0.153
"1kj9B",3,387,10.2,0.159
"1gm7B",3,580,6.86,0.141
"3dplC",3,378,6.12,0.143
"3binA",3,286,4.52,0.171
"1qzxA",3,425,6.27,0.167
"1qzxB",3,425,6.56,0.167
"3a9sA",3,589,11.8,0.165
"3a9sC",3,589,11.7,0.165
"3a9sB",3,589,11.6,0.165
"1ep3B",3,261,11.3,0.177
"1jxmA",3,264,8.02,0.148
"1rplA",3,241,7.46,0.167
"2h2zA",3,306,8.95,0.173
"1dceA",3,566,2.88,0.121
"3bl7B",3,289,7.66,0.121
"1okgA",3,347,11,0.16
"3mn5A",3,347,10.9,0.181
"3moeA",3,651,8.65,0.167
"2gviA",3,198,9.84,0.178
"2o8rA",3,634,7.79,0.141
"1f02I",3,282,6.73,0.169
"1l1lD",3,717,11.1,0.146
"1l1lC",3,717,11.1,0.146
"1l1lB",3,717,11.1,0.147
"2wzkA",3,372,8.07,0.129
"1bgvA",3,449,11.7,0.17
"1vdkB",3,457,8.68,0.164
"1vdkA",3,458,8.76,0.16
"2a91A",3,506,5.01,0.14
"1rw9A",3,754,12.5,0.164
"1jevA",3,517,12.3,0.165
"2z48A",3,431,6.09,0.18
"3d1gB",3,366,6.37,0.179
"1re3F",3,291,8.49,0.128
"1re3C",3,288,8.62,0.131
"1p49A",3,548,14.4,0.133
"1bvp2",3,349,7.45,0.15
"1bvp3",3,349,7.45,0.15
"1ei5A",3,518,10.8,0.153
"3k75D",3,252,7.22,0.168
"1h3fA",3,403,5.56,0.166
"1h3fB",3,406,5.83,0.162
"1sz0A",3,417,6.33,0.165
"3c8yA",3,574,10.4,0.155
"1kp8A",3,525,6.5,0.148
"1kp8C",3,525,9.27,0.145
"1kp8B",3,525,8.93,0.146
"2vw0A",3,657,8.1,0.162
"1heiA",3,443,4.3,0.185
"3fspA",3,356,3.73,0.173
"2oasB",3,420,9.32,0.183
"1c4zC",3,350,8.02,0.156
"1c4zB",3,350,8.24,0.157
"1c4zA",3,350,8.3,0.157
"2hhpA",3,535,6.17,0.166
"1dt9A",3,398,2.02,0.141
"3ecpA",3,460,9.97,0.136
"1tkyA",3,224,14,0.167
"1exiA",3,275,10.5,0.129
"1kl7A",3,503,10.3,0.151
"1kl7B",3,503,10.4,0.151
"3lidA",3,280,13.2,0.161
"1dd9A",3,310,9.02,0.166
"3dk9A",3,480,5.49,0.171
"1vqoP",3,143,3.26,0.143
"1su8A",3,633,13.8,0.159
"1vqoB",3,337,6.09,0.139
"1vqoA",3,237,7.36,0.135
"2qeeB",3,417,11.7,0.153
"1ltlA",3,239,4.83,0.16
"1ltlB",3,239,5.07,0.157
"1ltlC",3,239,4.87,0.159
"1b25D",3,611,14,0.169
"1b25C",3,611,14,0.169
"1b25B",3,611,14.2,0.169
"1b25A",3,611,14.1,0.169
"2fh1B",3,324,9,0.172
"2fh1C",3,322,8.86,0.173
"3k75E",3,246,6.74,0.166
"3dtbA",3,661,8.89,0.17
"3dtbB",3,638,8.77,0.167
"1r6zA",3,497,3.5,0.164
"1r6zP",3,498,3.65,0.164
"1n60C",3,286,14,0.169
"1jzsA",3,821,5.39,0.148
"2ck3C",3,490,7.37,0.164
"2ck3F",3,469,10.8,0.165
"2im9A",3,307,17.5,0.163
"1p5gX",4,465,10.1,0.265
"1s0fA",4,1276,12.4,0.173
"1epwA",4,1287,12.1,0.171
"1a31A",4,457,8.89,0.203
"1efuB",4,282,16.5,0.21
"1hh2P",4,344,11.3,0.199
"1jg9A",4,628,21.3,0.204
"1tl8A",4,564,12.7,0.152
"1ofdB",4,1491,12.2,0.227
"1ofdA",4,1491,12.4,0.227
"5acnA",4,753,15.4,0.239
"1k4tA",4,564,13,0.151
"1ordB",4,730,14.3,0.193
"1ordA",4,730,13.6,0.193
"1k0rA",4,326,6.39,0.206
"1m9nA",4,590,16.1,0.212
"1m9nB",4,590,16,0.211
"2v6oA",4,602,10.3,0.234
"1m1nD",4,522,12.4,0.174
"3mfiA",4,526,12.4,0.217
"1mcoH",4,428,3.06,0.183
"1oplA",4,451,14.8,0.226
"1sc7A",4,566,13,0.15
"2uzyD",4,618,17.7,0.175
"2uzyB",4,630,17,0.174
"1w07A",4,658,16.2,0.191
"1pwvA",4,733,10,0.196
"1pwvB",4,736,8.09,0.198
"3a8kA",4,365,20.8,0.229
"2c0iA",4,434,9.73,0.236
"2ww3A",4,736,16.1,0.23
"2ww3B",4,736,15.8,0.229
"2c0iB",4,435,9.59,0.236
"1mdbA",4,536,19,0.222
"2ww3E",4,737,16.6,0.23
"2ww3F",4,738,15.7,0.229
"1mjeA",4,600,9.34,0.173
"1n8wB",4,715,17.2,0.22
"1n8wA",4,718,17.3,0.219
"3hu1A",4,451,8.38,0.208
"2pfnA",4,325,9.23,0.233
"3rh4A",4,337,13.8,0.232
"1bf5A",4,544,14.6,0.191
"1ex0B",4,718,16.6,0.2
"1ex0A",4,707,16,0.205
"1gwsA",4,503,9.51,0.176
"2h88N",4,612,21.9,0.218
"1ofeA",4,1485,12.2,0.227
"1m3iC",4,465,14.6,0.205
"1m3iB",4,465,14.8,0.206
"1m3iA",4,465,15.4,0.2
"1dhxA",4,905,12,0.131
"3b96A",4,554,16.8,0.186
"1ruxA",4,884,11.5,0.133
"3ohaA",4,534,11.6,0.214
"1hyuA",4,521,13.5,0.228
"1p7tB",4,703,15.7,0.222
"1p7tA",4,705,16.6,0.223
"2hhvA",4,580,10.9,0.209
"1xdpB",4,687,19.9,0.189
"1dn1A",4,556,10.1,0.215
"2ddhA",4,622,15.6,0.199
"1b0jA",4,753,15.9,0.234
"1lmlA",4,465,18.3,0.236
"2fo0A",4,465,12.3,0.221
"1t5dX",4,502,17,0.22
"1jv2A",4,927,7.34,0.173
"1nktA",4,836,11.8,0.186
"2yw2A",4,423,20,0.243
"2yw2B",4,423,20,0.243
"1jmxA",4,493,16.3,0.213
"3gvjA",4,698,10.6,0.163
"1efuD",4,282,12.7,0.219
"1obhA",4,762,8.87,0.19
"1djwB",4,561,17.8,0.199
"1fvfB",4,543,10.5,0.215
"1fvfA",4,543,10.5,0.216
"1m6bB",4,584,10.4,0.171
"1m6bA",4,549,8.22,0.178
"2gy7B",4,423,18,0.203
"1pwwB",4,734,10,0.194
"1hpmA",4,378,16.2,0.248
"1nyrB",4,637,13.6,0.178
"1diiB",4,521,22.2,0.226
"1diiA",4,515,19.9,0.224
"1cxsA",4,769,14,0.227
"2r6gF",4,490,7.54,0.147
"1vk3A",4,570,20.4,0.22
"1epuA",4,527,10.5,0.201
"1qzeA",4,214,0,0.262
"2b9bC",4,481,11,0.145
"1rr8C",4,493,10.5,0.19
"1mw8X",4,580,10.3,0.206
"2qtsD",4,415,14.6,0.159
"2qtsA",4,417,15.4,0.156
"2qtsC",4,418,14.9,0.158
"2qtsB",4,420,16.1,0.156
"1it8B",4,577,18.8,0.214
"1it8A",4,577,19.8,0.218
"1k0rB",4,326,4.69,0.218
"3gvkA",4,661,11.2,0.15
"3gvkB",4,680,11.7,0.16
"3gvkC",4,678,11,0.16
"2nqsA",4,403,13.5,0.229
"2nqsB",4,403,12.9,0.229
"1oamA",4,394,12.3,0.21
"1cy2A",4,557,11,0.206
"1vloA",4,354,26.8,0.218
"1uz5A",4,391,14.1,0.231
"1hciA",4,475,7.32,0.096
"1hciB",4,475,7.32,0.096
"1cxtA",4,767,14.8,0.227
"1d8cA",4,688,14.7,0.215
"1ad5A",4,437,8.99,0.233
"1ad5B",4,437,9.53,0.232
"2havA",4,676,4.69,0.242
"1wvfA",4,539,20.3,0.24
"1eu1A",4,766,14.2,0.223
"2b5eA",4,483,2.38,0.231
"3be1A",4,583,5.61,0.172
"1g5aA",4,628,20.7,0.203
"2xd4A",4,421,15.6,0.248
"1i19A",4,541,24,0.219
"3oguA",4,326,12,0.224
"1i19B",4,538,24.6,0.218
"1it7B",4,577,19,0.218
"1it7A",4,577,19.7,0.217
"1k2yX",4,459,8.66,0.256
"1eclA",4,552,10,0.205
"2h88A",4,612,21.4,0.219
"3b7sA",4,610,17.7,0.215
"1sh0A",4,502,17.9,0.213
"1sh0B",4,503,16.7,0.213
"3fh5A",4,607,17.2,0.219
"2bcrA",4,331,10.6,0.232
"1is2B",4,629,14.8,0.195
"3a5xA",4,494,8.21,0.134
"2nyaA",4,791,18.6,0.217
"2nyaF",4,791,20.3,0.217
"1pfxL",4,133,20.8,0.181
"1jeyA",4,493,4.96,0.134
"3ojsA",4,541,12.9,0.207
"2bcqA",4,329,8.89,0.233
"1vqqA",4,635,15.1,0.203
"1vqqB",4,625,13.6,0.204
"2nqrB",4,403,13.1,0.229
"1ok3A",4,252,8.17,0.182
"1r6vA",4,671,18.6,0.229
"2gy5A",4,423,18,0.204
"1i7dA",4,620,7.79,0.207
"1pwuB",4,736,8.49,0.193
"2j58D",4,345,5.42,0.159
"3ml1A",4,808,20.1,0.221
"2gq3B",4,714,16.9,0.221
"2gq3A",4,720,16,0.222
"1dgkN",4,898,8.67,0.213
"1h29A",4,501,9.57,0.178
"1oqzB",4,686,17,0.226
"1oqzA",4,684,17.6,0.226
"3ar6A",4,994,8.03,0.218
"2h5aX",4,459,10.4,0.259
"1xd4A",4,824,8.65,0.17
"1xd4B",4,824,9.1,0.172
"2p3yB",4,447,13.4,0.213
"2p3yA",4,447,10.6,0.184
"2ww3C",4,736,16.2,0.23
"3n5kB",4,994,7.73,0.228
"2ww3D",4,738,16.5,0.229
"3s8rA",4,684,17.9,0.226
"3s8rB",4,686,17.3,0.226
"2nqqB",4,403,13,0.228
"2nqqA",4,403,12.9,0.228
"1kaxA",4,378,16.2,0.246
"1ucuA",4,494,7.44,0.139
"1c97A",4,753,16.4,0.243
"1df0A",4,624,16.1,0.195
"1mqsA",4,578,10.8,0.2
"1oqyA",4,363,2.46,0.124
"3ar7A",4,994,8.32,0.217
"1qbaA",4,858,14.6,0.201
"1amiA",4,753,15.1,0.239
"1r49A",4,548,12,0.154
"1e3pA",4,645,15.7,0.194
"3clqA",4,400,26.3,0.229
"3clqB",4,401,25.9,0.225
"3clqC",4,401,26.2,0.225
"3clqD",4,399,26.2,0.229
"1iq8B",4,577,19.8,0.216
"1iq8A",4,577,19.8,0.213
"3hu3B",4,446,6.68,0.211
"3hu3A",4,453,6.28,0.211
"2olsA",4,725,10.9,0.194
"2z1qA",4,546,18.9,0.229
"1cy7A",4,563,11.8,0.195
"1wthD",4,361,21.6,0.212
"1c96A",4,753,16.4,0.242
"1wthA",4,571,4.4,0.129
"1eg4A",4,260,27.4,0.227
"3n5kA",4,994,7.74,0.227
"1t5hX",4,488,15.5,0.214
"1x9nA",4,626,10.8,0.225
"1dyuB",4,719,19.3,0.182
"1dyuA",4,717,19.3,0.183
"1jrpA",4,450,23.5,0.223
"1hn0A",4,971,12.2,0.217
"3i33A",4,385,17.5,0.251
"1cy1A",4,557,11,0.204
"1svbA",4,395,9.42,0.21
"1dq3A",4,454,16.6,0.207
"2h8hA",4,446,10.8,0.229
"1jjuA",4,490,15.6,0.203
"3ar4A",4,994,8.04,0.217
"1y8bA",4,723,14.9,0.204
"1m1nB",4,522,17.2,0.174
"1fvhA",4,546,10,0.213
"1m3iD",4,465,15.8,0.205
"3lfuA",4,633,13.9,0.207
"1oa0A",4,544,21.6,0.226
"1oa0B",4,544,22.3,0.226
"1igtB",4,444,2.81,0.173
"1igtD",4,444,3.5,0.18
"3jpqA",4,326,12.9,0.223
"1g9dA",4,1287,12,0.173
"1okeA",4,394,12.3,0.21
"1okeB",4,394,12.4,0.21
"1eg3A",4,260,25.2,0.223
"1obcA",4,811,9.38,0.196
"1mw9X",4,583,10.4,0.212
"1h3nA",4,814,9.77,0.194
"3cwgA",4,501,15.4,0.198
"3cwgB",4,507,15.1,0.191
"1d6zA",4,717,19,0.183
"2i0kA",4,536,25.9,0.214
"1zxvB",4,736,9.39,0.198
"1ogyA",4,789,20.8,0.22
"1lpqA",4,557,12.4,0.156
"1n8iA",4,701,17,0.224
"2cvcA",4,500,9.66,0.177
"3a22A",4,617,16.7,0.245
"3a22B",4,620,16.2,0.247
"3ar5A",4,994,8.19,0.217
"3n3oB",4,716,14.6,0.209
"3n3oA",4,718,14.7,0.209
"2is6A",4,654,12.6,0.199
"1k7yA",4,577,13.1,0.212
"1rt8A",4,467,7.86,0.248
"2fkfA",4,457,9.36,0.258
"7acnA",4,753,16,0.239
"2au3A",4,403,12.6,0.224
"1sqgA",4,424,19.8,0.234
"2p9bA",4,397,27.2,0.228
"1e5wA",4,346,12.5,0.157
"3bg9A",4,601,19.5,0.208
"1bupA",4,378,16.3,0.245
"1lvaA",4,257,12,0.249
"1igyB",4,434,3.39,0.186
"1k4sA",4,489,10.6,0.192
"3po4A",4,542,12.3,0.211
"1j7nB",4,736,10.4,0.193
"1j7nA",4,725,10.2,0.191
"2c0tB",4,429,9.74,0.235
"2c0tA",4,428,9.98,0.235
"1opkA",4,449,13.8,0.228
"1bg1A",4,558,13,0.186
"1amjA",4,753,15.2,0.238
"1qz5A",4,359,17.9,0.238
"3py8A",4,540,13.2,0.206
"1wpgA",4,994,7.59,0.224
"1wpgB",4,994,7.87,0.224
"1wpgC",4,994,7.87,0.224
"3iv9A",4,577,13.6,0.215
"3boaA",4,490,3.18,0.213
"1sqfA",4,425,19.8,0.234
"2yrxA",4,420,14.6,0.244
"1l2fA",4,340,11.1,0.206
"1gnlB",4,544,21.9,0.231
"1gnlA",4,544,21.5,0.231
"3a23B",4,615,16.7,0.246
"1wveA",4,522,21.4,0.233
"1wveB",4,526,20.2,0.235
"1xdpA",4,687,20.6,0.189
"2efgA",4,582,9.31,0.211
"1gpzB",4,367,12.1,0.211
"1gpzA",4,368,17.7,0.218
"2hruA",4,581,20,0.231
"8acnA",4,753,16.2,0.239
"1g9bA",4,1287,12.2,0.172
"2x8hA",4,588,9.65,0.229
"1hzhK",4,444,2.73,0.181
"1accA",4,665,11.4,0.202
"1n8yC",4,592,6.56,0.169
"1pbyA",4,493,16.9,0.202
"2wvyC",4,740,18.1,0.229
"2wvyB",4,737,15.7,0.229
"2wvyA",4,741,18.3,0.23
"1yy9A",4,613,12.7,0.169
"3funA",4,606,17.4,0.219
"1ok8A",4,380,10.1,0.209
"3ar3A",4,994,7.93,0.217
"1ubdC",4,114,7.15,0.238
"2z6bA",4,573,4.39,0.129
"1qz6A",4,359,18.8,0.239
"1tllA",4,630,12.5,0.194
"1qakB",4,721,19,0.184
"1qakA",4,718,18.7,0.185
"2srcA",4,449,10.8,0.228
"1lxmA",4,794,16.5,0.195
"2yyaB",4,423,20.6,0.24
"2yyaA",4,423,18,0.241
"1pwuA",4,747,7.65,0.191
"3c5xA",4,390,9.84,0.213
"1c7tA",4,858,14.8,0.205
"1nk4A",4,582,11.2,0.211
"1fc5B",4,396,12.6,0.214
"1fc5A",4,397,12.9,0.214
"1urzF",4,388,9.46,0.208
"2uvoB",4,171,5.76,0.339
"2uvoA",4,172,5.91,0.347
"2uvoF",4,175,5.76,0.344
"2uvoE",4,173,5.89,0.345
"3h4kA",4,594,10.7,0.229
"1g9aA",4,1287,12.2,0.173
"1amoA",4,601,11.3,0.21
"1d6mA",4,603,8.79,0.21
"1a36A",4,544,11.2,0.158
"1seuA",4,564,13.6,0.15
"3ivaA",4,576,13.6,0.213
"1s22A",4,356,20.1,0.237
"1rrjA",4,564,13.4,0.15
"2wvxA",4,711,16.4,0.219
"2wvxB",4,713,15.9,0.219
"2wvxC",4,712,17.3,0.22
"2wvxD",4,712,15.7,0.219
"1ug9A",4,1019,10.1,0.232
"2x8gA",4,588,9.55,0.23
"1t6bX",4,676,10.9,0.201
"1k28D",4,349,20.3,0.201
"2b43A",4,501,15.9,0.212
"1k28A",4,557,4.02,0.131
"1ej9A",4,483,10.3,0.201
"3dlkB",4,409,11.2,0.204
"2uwgA",4,169,5.83,0.338
"1zjkA",4,390,16.8,0.213
"1j6zA",4,368,19,0.232
"3n3rA",4,717,15.1,0.209
"3n3rB",4,715,15.4,0.209
"1f0xB",4,502,22.3,0.229
"1f0xA",4,502,23.1,0.228
"3gvlA",4,722,11.1,0.165
"1mwvB",4,718,15.5,0.208
"1mwvA",4,720,14.7,0.207
"1diqB",4,515,20.8,0.224
"1diqA",4,515,20.8,0.224
"2x99A",4,589,10.2,0.229
"2bs3D",4,658,21,0.207
"2bs3A",4,660,21,0.211
"3bg3B",4,603,20.7,0.203
"3bg3C",4,603,19.5,0.201
"3bulA",4,577,13.8,0.213
"1ba1A",4,378,16.4,0.247
"3a21A",4,616,16.9,0.247
"3a21B",4,617,15.8,0.248
"1a35A",4,474,9.19,0.203
"2fmpA",4,338,12.9,0.229
"1ky9B",4,383,9.28,0.199
"1k98A",4,577,15,0.212
"1s0bA",4,1287,12.1,0.172
"1qcfA",4,449,10.3,0.227
"2ioqA",4,567,11.5,0.209
"2ioqB",4,577,8.18,0.202
"1p2zA",4,887,11.3,0.133
"3ju4A",4,716,11.5,0.168
"1t8iA",4,564,12.9,0.151
"3c6eA",4,390,9.69,0.211
"1pcmX",4,454,10.6,0.256
"3qipB",4,402,13.2,0.205
"1mwuA",4,632,12.3,0.206
"1jmuD",4,608,8.29,0.182
"1cy8A",4,563,11.9,0.196
"1kehA",4,683,17.9,0.218
"3fwlA",4,683,15.1,0.177
"2opsB",4,409,16.1,0.199
"1rqgA",4,606,14.3,0.205
"1djxB",4,561,17,0.202
"1ulvA",4,1019,10,0.232
"1nh3A",4,470,10.1,0.182
"1lnqE",4,301,4.97,0.21
"1lnqD",4,301,4.49,0.208
"1lnqA",4,301,4.49,0.21
"1lnqC",4,301,4.39,0.208
"1lnqB",4,301,4.49,0.208
"2fkmX",4,455,10.5,0.26
"2p5zX",4,362,15,0.221
"1y57A",4,452,8.56,0.226
"2fbwA",4,613,22.4,0.221
"2fbwN",4,612,22.7,0.221
"3cvrA",4,469,15.6,0.189
"1s0cA",4,1287,12.2,0.173
"1spuB",4,719,18.8,0.185
"1spuA",4,717,18.7,0.186
"1cy6A",4,562,9.81,0.189
"1gsoA",4,427,12.6,0.239
"2bs2A",4,660,18.4,0.208
"2bs2D",4,658,21.1,0.207
"1v0eD",4,666,10.7,0.162
"1v0eA",4,666,10.9,0.161
"1kswA",4,449,11.5,0.233
"3js8A",4,538,23.9,0.22
"2ys6A",4,421,14.6,0.244
"2hzzA",4,684,17.2,0.218
"1lshA",4,1019,12.8,0.185
"1pcjX",4,458,10.3,0.257
"1p5dX",4,466,10.7,0.263
"3c8vA",4,445,26.6,0.211
"3c8vC",4,456,24.5,0.21
"3c8vB",4,452,25.6,0.211
"3c8vD",4,455,24.7,0.21
"1mwtA",4,634,13,0.204
"1mwtB",4,625,14.5,0.202
"1fbvA",4,388,15.5,0.2
"1ja1A",4,616,10.2,0.212
"1ja1B",4,614,10.5,0.216
"2ptkA",4,425,10.4,0.237
"2zhiA",4,315,11.5,0.25
"1jx4A",4,335,6.44,0.243
"2bupA",4,378,17.4,0.246
"1iyjB",4,591,8.52,0.191
"1iyjD",4,591,8.51,0.191
"2ahxA",4,611,10.1,0.166
"2ahxB",4,615,9.9,0.171
"2o8rB",4,589,14.2,0.182
"1s0dA",4,1287,12.1,0.171
"3mfhA",4,521,12.2,0.213
"1c4kA",4,728,14.2,0.188
"2napA",4,720,19.7,0.23
"2j58E",4,345,5.58,0.158
"2j58F",4,345,5.59,0.158
"2j58G",4,345,5.72,0.158
"2j58A",4,345,5.71,0.158
"2j58B",4,345,5.58,0.158
"2j58C",4,345,5.71,0.158
"2j58H",4,345,5.41,0.159
"1p30A",4,891,11.8,0.133
"2r7fA",4,450,19,0.193
"1thzB",4,590,14.9,0.214
"2xclA",4,411,18.6,0.243
"1pfoA",4,471,14.7,0.203
"1thzA",4,590,14.7,0.214
"2hs0A",4,580,18.3,0.225
"1mwsA",4,633,12.7,0.204
"1mwsB",4,628,13.8,0.202
"2uxwA",4,567,16.9,0.18
"1oacA",4,719,19.2,0.179
"1oacB",4,722,18.3,0.179
"1zxvA",4,728,9.5,0.196
"2ys7A",4,413,14.8,0.247
"1e8gA",4,550,22,0.218
"1xdoA",4,687,17.6,0.184
"2zhjA",4,315,10.5,0.248
"2yrwA",4,413,15.3,0.249
"2ww1B",4,741,15.8,0.228
"2ww1C",4,739,15.5,0.228
"2ww1A",4,744,15.5,0.229
"2ww1D",4,741,15.7,0.228
"2is6B",4,652,12.8,0.194
"1pwpA",4,732,9.93,0.193
"1amuA",4,509,19.1,0.219
"1i4aA",4,309,10.9,0.249
"1amuB",4,508,18,0.219
"1s0eA",4,1287,12.2,0.173
"1g8lA",4,403,12.5,0.236
"1g8lB",4,403,11.5,0.237
"3girA",4,373,17.5,0.258
"3o5aA",4,794,20.4,0.221
"1cy4A",4,558,11.6,0.195
"1urzC",4,385,9.75,0.206
"1urzB",4,387,9.91,0.208
"1urzA",4,382,9.69,0.207
"1is2A",4,637,15.6,0.193
"1urzE",4,382,9.59,0.205
"1urzD",4,386,9.76,0.207
"1cy0A",4,534,12,0.204
"1czaN",4,898,8.68,0.214
"2x8cB",4,593,10.4,0.227
"2x8cA",4,588,10.4,0.227
"1jmuB",4,608,8.48,0.183
"1fmkA",4,437,9.63,0.236
"1jmuF",4,608,8.29,0.182
"2e28A",4,587,7.92,0.259
"1n8zC",4,581,6.78,0.178
"1mwrA",4,609,14.2,0.197
"1g8mB",4,580,16.6,0.209
"1c7sA",4,858,14.7,0.205
"1evuA",4,710,16.5,0.201
"3mjfA",4,458,13.6,0.251
"2hauA",4,667,4.85,0.24
"2hauB",4,667,4.74,0.241
"2ww2C",4,741,17.7,0.228
"2ww2B",4,745,18.8,0.228
"2ww2A",4,746,18.6,0.227
